{
  "workload": "Stream",
  "threads": 1,
  "samples": 1,
  "iterations_per_sample": 5,
  "values": [
    940.1470118380453
  ],
  "average": 940.1470118380453,
  "min": 940.1470118380453,
  "max": 940.1470118380453,
  "sig": "AAECAwQ="
}