{
  "workload": "Stream",
  "threads": 1,
  "samples": 1,
  "iterations_per_sample": 5,
  "values": [
    1008.9973798841883
  ],
  "average": 1008.9973798841883,
  "min": 1008.9973798841883,
  "max": 1008.9973798841883,
  "sig": "AAECAwQ="
}