{
  "workload": "Dhrystone",
  "threads": 14,
  "samples": 5,
  "iterations_per_sample": 50000,
  "values": [
    2309.1681859651703,
    2308.1235539461677,
    2316.682479182928,
    2330.7755512136155,
    2354.610456777946
  ],
  "average": 2323.8720454171653,
  "min": 2308.1235539461677,
  "max": 2354.610456777946
}