{
  "workload": "Stream",
  "threads": 14,
  "samples": 3,
  "iterations_per_sample": 5,
  "values": [
    886.5102283268396,
    886.8494537045278,
    884.7783421735376
  ],
  "average": 886.0460080683016,
  "min": 884.7783421735376,
  "max": 886.8494537045278,
  "sig": "AAECAwQ="
}